{"cameraMode":{"drawMode":0,"name":"Shaded","section":"Shading Mode"},"sceneLighting":false,"audioPlay":false,"sceneViewState":{"showFog":true,"showMaterialUpdate":false,"showSkybox":true,"showFlares":true,"showImageEffects":true,"showParticleSystems":true},"in2DMode":false,"pivot":{"x":2.51806640625,"y":1.95263671875,"z":-0.1181640625},"rotation":{"x":-0.03275836259126663,"y":-0.9584473371505737,"z":0.12286271899938584,"w":-0.2553633749485016},"size":2.8578836917877199,"orthographic":true}